{"cameraMode":{"drawMode":0,"name":"Shaded","section":"Shading Mode"},"sceneLighting":true,"audioPlay":false,"sceneViewState":{"showFog":true,"showMaterialUpdate":true,"showSkybox":true,"showFlares":true,"showImageEffects":true,"showParticleSystems":true,"showVisualEffectGraphs":true,"m_FxEnabled":true},"in2DMode":false,"pivot":{"x":0.12396594136953354,"y":2.1625425815582277,"z":-1.7657325267791749},"rotation":{"x":0.25634273886680605,"y":-0.40516936779022219,"z":0.11959019303321839,"w":0.869278073310852},"size":5.707395553588867,"orthographic":false}